FIPS,election
2100,
31145,Republicans
6015,Republicans
12031,Republicans
20053,Republicans
21057,Republicans
26141,Republicans
29225,Republicans
17065,Republicans
17133,Republicans
20101,Republicans
51063,Republicans
41019,Republicans
27025,Republicans
20057,Republicans
37051,Democrats
37167,Republicans
31083,Republicans
35019,Democrats
40125,Republicans
27035,Republicans
31111,Republicans
8093,Republicans
13181,Republicans
13283,Republicans
39123,Republicans
27087,Republicans
42045,Democrats
42127,Republicans
45019,Democrats
5105,Republicans
13221,Republicans
51540,Democrats
6077,Democrats
49053,Republicans
21215,Republicans
29161,Republicans
40061,Republicans
42015,Republicans
31185,Republicans
19065,Republicans
48361,Republicans
8057,Republicans
49029,Republicans
24003,Democrats
47091,Republicans
31053,Republicans
6101,Republicans
40109,Republicans
47067,Republicans
55099,Republicans
37031,Republicans
34019,Republicans
45077,Republicans
47149,Republicans
21083,Republicans
20209,Democrats
55049,Democrats
36079,Republicans
19121,Republicans
17179,Republicans
5113,Republicans
6029,Republicans
1011,Democrats
6089,Republicans
31075,Republicans
27093,Republicans
12037,Republicans
12111,Republicans
13127,Republicans
16023,Republicans
18017,Republicans
46067,Republicans
41039,Democrats
17105,Republicans
48081,Republicans
25007,Democrats
53047,Republicans
8097,Democrats
13013,Republicans
18171,Republicans
20021,Republicans
56021,Republicans
37195,Democrats
35047,Democrats
22041,Republicans
42069,Democrats
28147,Republicans
28107,Republicans
30061,Republicans
36033,Republicans
41065,Republicans
42021,Republicans
45001,Republicans
12095,Democrats
44005,Democrats
26025,Republicans
27131,Republicans
29169,Republicans
24043,Republicans
37001,Republicans
16019,Republicans
40031,Republicans
54097,Republicans
26023,Republicans
46057,Republicans
48175,Republicans
53065,Republicans
48115,Republicans
51049,Republicans
33011,Republicans
21237,Republicans
24011,Republicans
29123,Republicans
13213,Republicans
13247,Democrats
30033,Republicans
35007,Republicans
36021,Democrats
47047,Republicans
17055,Republicans
18177,Republicans
48257,Republicans
5087,Republicans
41029,Republicans
23025,Republicans
28005,Republicans
46043,Republicans
18101,Republicans
4021,Republicans
6069,Democrats
13105,Republicans
51093,Republicans
50025,Democrats
29073,Republicans
21017,Republicans
2282,
22081,Republicans
31177,Republicans
24025,Republicans
48243,Republicans
30077,Republicans
30089,Republicans
13157,Republicans
13169,Republicans
8023,Democrats
12087,Republicans
13003,Republicans
21133,Republicans
27097,Republicans
13021,Democrats
19085,Republicans
40013,Republicans
5019,Republicans
6083,Democrats
13137,Republicans
17201,Republicans
36105,Republicans
39015,Republicans
47075,Democrats
54075,Republicans
30015,Republicans
13301,Democrats
4019,Democrats
6033,Democrats
13119,Republicans
19197,Republicans
48391,Republicans
31035,Republicans
36077,Republicans
27037,Democrats
41055,Republicans
38033,Republicans
5059,Republicans
12123,Republicans
29165,Republicans
48185,Republicans
46061,Republicans
31113,Republicans
27081,Republicans
37199,Republicans
48497,Republicans
12053,Republicans
13133,Republicans
48027,Republicans
48087,Republicans
51640,Republicans
17043,Democrats
31089,Republicans
42075,Republicans
49043,Democrats
1035,Republicans
17155,Republicans
35023,Republicans
22007,Republicans
27009,Republicans
13289,Republicans
16017,Republicans
16037,Republicans
48283,Democrats
32021,Republicans
42083,Republicans
48125,Republicans
51091,Republicans
25019,Democrats
1077,Republicans
31033,Republicans
42077,Democrats
22005,Republicans
29011,Republicans
21013,Republicans
31037,Republicans
40021,Republicans
13315,Republicans
17145,Republicans
30019,Republicans
31133,Republicans
31175,Republicans
29157,Republicans
41013,Republicans
5123,Democrats
26031,Republicans
30109,Republicans
48101,Republicans
27031,Democrats
35037,Republicans
33013,Democrats
54105,Republicans
6019,Democrats
13177,Republicans
16047,Republicans
21049,Republicans
48065,Republicans
51145,Republicans
40079,Republicans
47097,Republicans
48375,Republicans
37191,Republicans
27017,Democrats
20127,Republicans
40107,Republicans
30085,Republicans
36055,Democrats
51117,Republicans
13143,Republicans
23017,Republicans
2013,
21123,Republicans
37021,Democrats
42041,Republicans
45015,Republicans
18081,Republicans
18179,Republicans
55009,Republicans
55037,Republicans
28127,Republicans
5143,Republicans
6047,Democrats
13111,Republicans
48163,Democrats
48419,Republicans
49031,Republicans
30101,Republicans
51810,Republicans
53017,Republicans
29133,Republicans
48167,Republicans
48177,Republicans
49019,Republicans
51610,Democrats
51680,Republicans
35055,Democrats
36071,Republicans
27169,Republicans
2220,
6001,Democrats
8125,Republicans
13009,Democrats
18121,Republicans
40077,Republicans
51057,Republicans
31023,Republicans
31027,Republicans
48407,Republicans
1009,Republicans
20069,Republicans
22017,Democrats
27121,Republicans
40001,Republicans
37109,Republicans
37161,Republicans
22109,Republicans
17063,Republicans
47103,Republicans
48211,Republicans
27071,Republicans
22125,Republicans
29093,Republicans
36007,Republicans
51149,Republicans
19147,Republicans
54049,Republicans
32013,Republicans
46027,Democrats
6099,Democrats
19021,Republicans
17173,Republicans
18077,Republicans
22099,Republicans
29195,Republicans
48469,Republicans
28135,Democrats
12007,Republicans
40123,Republicans
51125,Republicans
24029,Republicans
29031,Republicans
29159,Republicans
39047,Republicans
2195,
5037,Republicans
21077,Republicans
39133,Republicans
42113,Republicans
19127,Republicans
18051,Republicans
34041,Republicans
39151,Republicans
47153,Republicans
22107,Democrats
19029,Republicans
18027,Republicans
38089,Republicans
39161,Republicans
40073,Republicans
47167,Republicans
48435,Republicans
28131,Republicans
36057,Republicans
42031,Republicans
45027,Democrats
48401,Republicans
21099,Republicans
37013,Republicans
1127,Republicans
16053,Republicans
17165,Republicans
29045,Republicans
46055,Republicans
26155,Republicans
19003,Republicans
42125,Republicans
33017,Democrats
48151,Republicans
53025,Republicans
53071,Republicans
45007,Republicans
42047,Republicans
5007,Republicans
27137,Democrats
39159,Republicans
30039,Republicans
9005,Republicans
19187,Republicans
1017,Republicans
12109,Republicans
19011,Republicans
17097,Democrats
17143,Democrats
47069,Republicans
18141,Democrats
48013,Republicans
48255,Republicans
25005,Democrats
26097,Republicans
6031,Republicans
48235,Republicans
30003,Democrats
37129,Republicans
13065,Republicans
12021,Republicans
16001,Republicans
20207,Republicans
49055,Republicans
36049,Republicans
8075,Republicans
45069,Democrats
35025,Republicans
17069,Republicans
5091,Republicans
38069,Republicans
54073,Republicans
51011,Republicans
17187,Republicans
28025,Democrats
37169,Republicans
18173,Republicans
20173,Republicans
30075,Republicans
6041,Democrats
39067,Republicans
37153,Republicans
37179,Republicans
31041,Republicans
22021,Republicans
5095,Republicans
37061,Republicans
31003,Republicans
27027,Republicans
39053,Republicans
18069,Republicans
45023,Republicans
13269,Republicans
20115,Republicans
40103,Republicans
42039,Republicans
48205,Republicans
19039,Republicans
40137,Republicans
48219,Republicans
12131,Republicans
19169,Democrats
17023,Republicans
12071,Republicans
48171,Republicans
26113,Republicans
39167,Republicans
48299,Republicans
51683,Democrats
17027,Republicans
27165,Republicans
38073,Republicans
39001,Republicans
26103,Democrats
10003,Democrats
48357,Republicans
26083,Republicans
48009,Republicans
17059,Republicans
17195,Republicans
8101,Democrats
13201,Republicans
21205,Republicans
26045,Republicans
30027,Republicans
32009,Republicans
51197,Republicans
51530,Republicans
55141,Republicans
1029,Republicans
28117,Republicans
54053,Republicans
51127,Republicans
54057,Republicans
21173,Republicans
29059,Republicans
16075,Republicans
20047,Republicans
5073,Republicans
1085,Democrats
13015,Republicans
20039,Republicans
48397,Republicans
55078,Democrats
21177,Republicans
1087,Democrats
12019,Republicans
48449,Republicans
28101,Republicans
41047,Republicans
48023,Republicans
27101,Republicans
19101,Republicans
19037,Republicans
39101,Republicans
28091,Republicans
53005,Republicans
20029,Republicans
37165,Democrats
31091,Republicans
47177,Republicans
36095,Republicans
1081,Republicans
1005,Republicans
6055,Democrats
51087,Democrats
45071,Republicans
40045,Republicans
13035,Republicans
13257,Republicans
48021,Republicans
1105,Democrats
1067,Republicans
18005,Republicans
30069,Republicans
39139,Republicans
41021,Republicans
23009,Democrats
29009,Republicans
47123,Republicans
1093,Republicans
27001,Republicans
48143,Republicans
50027,Democrats
48349,Republicans
48379,Republicans
50011,Democrats
19013,Democrats
37143,Republicans
36043,Republicans
1061,Republicans
5021,Republicans
6003,Democrats
32017,Republicans
48373,Republicans
8071,Republicans
29175,Republicans
16063,Republicans
21053,Republicans
36051,Republicans
45055,Republicans
48295,Republicans
19045,Republicans
18033,Republicans
21211,Republicans
40085,Republicans
12089,Republicans
17029,Republicans
48411,Republicans
13191,Republicans
13077,Republicans
48091,Republicans
51119,Republicans
26157,Republicans
44001,Democrats
13089,Democrats
48487,Republicans
51111,Republicans
13297,Republicans
37011,Republicans
37069,Republicans
26037,Republicans
5045,Republicans
37025,Republicans
16025,Republicans
5071,Republicans
12015,Republicans
26013,Republicans
47037,Democrats
21047,Republicans
1075,Republicans
1055,Republicans
8029,Republicans
29187,Republicans
39087,Republicans
42005,Republicans
16005,Republicans
37075,Republicans
46083,Republicans
22123,Republicans
48183,Republicans
55097,Democrats
39051,Republicans
1045,Republicans
27015,Republicans
29221,Republicans
48037,Republicans
48139,Republicans
55039,Republicans
18055,Republicans
51005,Republicans
24033,Democrats
48385,Republicans
55017,Republicans
22001,Republicans
29205,Republicans
22009,Republicans
20001,Republicans
1103,Republicans
42049,Republicans
36029,Democrats
21235,Republicans
21239,Republicans
22019,Republicans
26115,Republicans
29145,Republicans
28007,Republicans
1031,Republicans
12086,Democrats
48103,Republicans
48453,Democrats
28137,Republicans
38041,Republicans
21143,Republicans
48025,Republicans
48477,Republicans
55045,Democrats
46019,Republicans
19171,Republicans
6059,Democrats
12005,Republicans
26059,Republicans
22067,Republicans
28143,Democrats
36005,Democrats
48165,Republicans
48267,Republicans
51099,Republicans
56031,Republicans
51155,Republicans
35027,Republicans
27069,Republicans
30005,Republicans
38003,Republicans
1111,Republicans
20135,Republicans
39069,Republicans
49049,Republicans
21003,Republicans
22119,Republicans
26125,Democrats
39111,Republicans
40117,Republicans
47007,Republicans
5139,Republicans
19057,Republicans
21183,Republicans
21189,Republicans
18153,Republicans
13019,Republicans
2180,
1051,Republicans
37123,Republicans
41061,Republicans
47147,Republicans
13291,Republicans
48193,Republicans
17139,Republicans
6051,Democrats
15003,Democrats
42107,Republicans
45037,Republicans
45067,Democrats
45031,Republicans
17131,Republicans
54017,Republicans
30041,Republicans
9001,Democrats
21085,Republicans
29213,Republicans
38095,Republicans
21081,Republicans
36089,Republicans
48017,Republicans
51121,Democrats
48011,Republicans
37173,Republicans
13017,Republicans
19191,Republicans
12073,Democrats
21115,Republicans
21059,Republicans
19113,Democrats
16055,Republicans
20143,Republicans
51670,Democrats
26149,Republicans
29069,Republicans
13151,Democrats
13317,Republicans
38021,Republicans
53049,Republicans
30051,Republicans
26049,Democrats
6023,Democrats
42089,Democrats
45003,Republicans
51710,Democrats
31059,Republicans
22069,Republicans
56029,Republicans
19063,Republicans
16059,Republicans
51137,Republicans
55069,Republicans
5031,Republicans
13159,Republicans
20185,Republicans
23001,Republicans
49009,Republicans
51025,Democrats
40043,Republicans
41017,Republicans
42043,Democrats
21119,Republicans
22075,Republicans
13173,Republicans
47179,Republicans
51143,Republicans
54045,Republicans
21087,Republicans
26015,Republicans
37029,Republicans
54063,Republicans
36041,Republicans
4027,Republicans
38039,Republicans
27095,Republicans
16029,Republicans
54101,Republicans
15005,
4009,Republicans
31135,Republicans
41043,Republicans
46077,Republicans
17011,Republicans
54001,Republicans
42027,Democrats
45011,Republicans
47125,Republicans
47161,Republicans
19027,Republicans
48079,Republicans
48321,Republicans
31151,Republicans
33019,Republicans
22085,Republicans
22113,Republicans
38031,Republicans
48485,Republicans
26079,Republicans
36013,Republicans
8063,Republicans
12067,Republicans
21069,Republicans
21073,Republicans
6063,Republicans
19175,Republicans
20125,Republicans
40015,Republicans
40115,Republicans
45089,Democrats
27023,Republicans
12077,Republicans
13029,Republicans
48137,Republicans
21063,Republicans
48215,Democrats
31105,Republicans
35003,Republicans
55091,Republicans
29219,Republicans
19019,Republicans
17091,Republicans
18169,Republicans
20197,Republicans
22037,Republicans
31029,Republicans
51820,Republicans
55117,Republicans
19173,Republicans
18159,Republicans
20191,Republicans
12079,Republicans
46011,Republicans
39013,Republicans
17171,Republicans
55135,Republicans
6027,Republicans
18003,Republicans
28037,Republicans
12101,Republicans
55005,Republicans
5115,Republicans
11001,Democrats
13069,Republicans
36063,Republicans
42119,Republicans
15007,Democrats
50007,Democrats
38075,Republicans
31157,Republicans
29185,Republicans
16061,Republicans
54093,Republicans
49027,Republicans
53029,Democrats
31161,Republicans
27055,Republicans
19183,Republicans
20049,Republicans
17013,Republicans
50001,Democrats
17075,Republicans
34013,Democrats
56007,Republicans
8107,Democrats
46085,Republicans
51800,Democrats
21201,Republicans
2240,
21019,Republicans
21193,Republicans
45065,Republicans
48015,Republicans
23007,Republicans
18175,Republicans
20141,Republicans
56035,Republicans
47121,Republicans
48371,Republicans
37115,Republicans
18071,Republicans
18133,Republicans
40023,Republicans
47129,Republicans
40093,Republicans
54061,Republicans
26069,Republicans
8113,Democrats
45025,Republicans
48475,Republicans
13281,Republicans
26007,Republicans
48503,Republicans
31165,Republicans
47137,Republicans
54005,Republicans
5069,Democrats
12127,Republicans
13101,Republicans
20017,Republicans
1129,Republicans
30057,Republicans
39005,Republicans
41069,Republicans
18149,Republicans
37087,Republicans
40041,Republicans
20023,Republicans
30063,Democrats
34011,Democrats
39037,Republicans
46075,Republicans
47033,Republicans
56017,Republicans
5003,Republicans
6061,Republicans
53063,Republicans
22039,Republicans
23029,Republicans
39175,Republicans
42053,Republicans
5043,Republicans
4012,Republicans
12065,Republicans
46079,Republicans
22029,Republicans
16015,Republicans
37091,Democrats
40133,Republicans
27107,Republicans
18049,Republicans
20147,Republicans
27085,Republicans
27111,Republicans
39007,Republicans
39079,Republicans
19089,Republicans
55137,Republicans
1053,Republicans
21147,Republicans
23031,Democrats
37099,Republicans
34039,Democrats
48097,Republicans
48293,Republicans
49045,Republicans
12105,Republicans
28113,Republicans
24001,Republicans
19131,Republicans
17113,Republicans
18105,Democrats
18145,Republicans
51153,Democrats
51700,Democrats
47055,Republicans
48307,Republicans
4023,Democrats
17085,Republicans
27171,Republicans
30059,Republicans
40095,Republicans
5125,Republicans
9009,Democrats
30081,Republicans
1121,Republicans
17115,Republicans
29017,Republicans
55087,Republicans
39155,Republicans
48483,Republicans
51830,Democrats
31065,Republicans
4005,Democrats
20003,Republicans
12029,Republicans
13211,Republicans
42097,Republicans
47115,Republicans
18073,Republicans
53035,Democrats
39163,Republicans
42073,Republicans
5033,Republicans
22073,Republicans
28095,Republicans
19133,Republicans
20203,Republicans
22091,Democrats
39033,Republicans
51730,Democrats
22115,Republicans
26133,Republicans
27061,Republicans
29071,Republicans
17151,Republicans
27003,Republicans
29129,Republicans
37103,Republicans
12083,Republicans
17163,Democrats
56027,Republicans
39103,Republicans
21155,Republicans
26067,Republicans
13161,Republicans
17127,Republicans
5145,Republicans
54041,Republicans
46119,Republicans
48209,Republicans
51183,Democrats
17005,Republicans
13123,Republicans
47089,Republicans
46017,Democrats
22035,Democrats
29049,Republicans
48019,Republicans
48141,Democrats
40129,Republicans
47003,Republicans
47025,Republicans
8091,Democrats
12013,Republicans
13153,Republicans
29203,Republicans
37097,Republicans
55059,Republicans
29181,Republicans
29199,Republicans
40067,Republicans
47111,Republicans
48119,Republicans
31137,Republicans
28035,Republicans
31017,Republicans
51163,Republicans
38067,Republicans
31077,Republicans
46125,Republicans
20123,Republicans
31055,Democrats
30043,Republicans
34017,Democrats
51195,Republicans
32007,Republicans
18151,Republicans
18139,Republicans
13259,Democrats
48111,Republicans
47107,Republicans
48147,Republicans
51115,Republicans
37081,Democrats
26145,Republicans
12099,Democrats
13131,Republicans
55031,Democrats
21145,Republicans
21151,Republicans
6067,Democrats
21233,Republicans
55093,Republicans
36047,Democrats
8017,Republicans
48315,Republicans
37037,Democrats
32027,Republicans
27045,Republicans
19119,Republicans
37155,Republicans
37181,Democrats
26019,Republicans
13215,Democrats
21061,Republicans
23023,Democrats
55139,Republicans
26139,Republicans
17181,Republicans
20187,Republicans
21051,Republicans
40119,Republicans
31011,Republicans
34009,Republicans
48445,Republicans
54027,Republicans
27113,Republicans
1079,Republicans
18161,Republicans
47183,Republicans
17193,Republicans
29115,Republicans
36011,Republicans
45009,Democrats
47043,Republicans
48393,Republicans
51580,Republicans
8009,Republicans
17129,Republicans
20163,Republicans
38005,Republicans
29141,Republicans
42093,Republicans
47077,Republicans
47163,Republicans
29117,Republicans
48501,Republicans
53069,Republicans
39063,Republicans
21181,Republicans
13031,Republicans
5011,Republicans
24021,Republicans
46053,Republicans
20091,Republicans
55067,Republicans
56011,Republicans
5121,Republicans
13229,Republicans
19007,Republicans
20027,Republicans
1003,Republicans
16003,Republicans
40025,Republicans
37065,Democrats
8015,Republicans
48251,Republicans
39113,Republicans
39129,Republicans
46097,Republicans
37125,Republicans
38001,Republicans
20019,Republicans
51023,Republicans
23013,Democrats
47165,Republicans
31121,Republicans
36115,Republicans
47105,Republicans
17081,Republicans
20169,Republicans
21029,Republicans
48431,Republicans
56041,Republicans
13245,Democrats
35039,Democrats
39097,Republicans
19115,Republicans
17095,Republicans
36123,Republicans
47155,Republicans
31051,Republicans
1123,Republicans
8055,Republicans
13059,Democrats
22043,Republicans
18007,Republicans
48057,Republicans
13299,Republicans
18103,Republicans
28093,Democrats
35029,Republicans
42055,Republicans
49005,Republicans
18097,Democrats
20071,Republicans
51081,Democrats
22027,Republicans
28069,Democrats
28073,Republicans
34005,Democrats
48085,Republicans
21135,Republicans
26119,Republicans
2090,
38077,Republicans
26135,Republicans
13197,Republicans
42133,Republicans
46095,Republicans
17035,Republicans
17061,Republicans
27083,Republicans
55025,Democrats
6107,Republicans
29510,Democrats
48429,Republicans
47169,Republicans
21127,Republicans
39057,Republicans
47159,Republicans
48029,Democrats
55133,Republicans
54107,Republicans
16087,Republicans
17077,Democrats
47181,Republicans
48117,Republicans
16027,Republicans
39119,Republicans
21129,Republicans
40147,Republicans
12133,Republicans
20181,Republicans
44003,Republicans
50003,Democrats
19123,Republicans
20165,Republicans
50023,Democrats
55051,Republicans
28111,Republicans
31071,Republicans
42007,Republicans
1007,Republicans
5057,Republicans
8047,Democrats
13099,Republicans
28151,Democrats
37119,Democrats
36003,Republicans
27161,Republicans
6037,Democrats
12043,Republicans
42017,Democrats
18113,Republicans
20025,Republicans
20145,Republicans
28139,Republicans
45057,Republicans
26047,Republicans
37083,Democrats
38099,Republicans
32003,Democrats
42101,Democrats
54095,Republicans
2068,
8121,Republicans
48159,Republicans
19075,Republicans
8005,Democrats
13001,Republicans
39059,Republicans
39093,Republicans
40039,Republicans
48291,Republicans
47013,Republicans
15001,Democrats
19111,Republicans
41067,Democrats
26071,Republicans
27143,Republicans
51053,Republicans
1119,Democrats
20077,Republicans
5097,Republicans
26107,Republicans
48135,Republicans
48157,Democrats
51181,Democrats
48099,Republicans
18023,Republicans
26117,Republicans
29007,Republicans
5065,Republicans
6049,Republicans
6091,Republicans
55003,Democrats
19049,Republicans
55111,Republicans
54029,Republicans
19125,Republicans
46009,Republicans
29151,Republicans
19081,Republicans
53019,Republicans
36085,Republicans
17197,Democrats
20037,Republicans
29075,Republicans
20177,Republicans
47187,Republicans
46005,Republicans
38019,Republicans
38045,Republicans
27059,Republicans
19031,Republicans
8115,Republicans
5133,Republicans
12107,Republicans
13207,Republicans
13293,Republicans
47063,Republicans
27099,Republicans
29131,Republicans
54047,Republicans
13149,Republicans
39041,Republicans
40065,Republicans
18131,Republicans
53033,Democrats
51029,Republicans
25021,Democrats
29171,Republicans
38009,Republicans
37071,Republicans
44009,Democrats
28023,Republicans
30017,Republicans
38101,Republicans
40069,Republicans
25027,Democrats
29121,Republicans
38047,Republicans
35041,Republicans
46137,Republicans
19053,Republicans
40099,Republicans
39081,Republicans
48381,Republicans
6087,Democrats
13071,Republicans
20055,Republicans
26021,Republicans
48221,Republicans
37063,Democrats
37079,Republicans
37197,Republicans
47065,Republicans
40087,Republicans
41037,Republicans
46015,Republicans
51175,Republicans
19105,Republicans
30107,Republicans
29077,Republicans
55115,Republicans
12047,Republicans
31101,Republicans
42063,Republicans
48239,Republicans
8053,Republicans
41025,Republicans
35006,Democrats
29197,Republicans
36099,Republicans
48269,Republicans
48421,Republicans
51570,Republicans
17053,Republicans
9015,Republicans
28159,Republicans
40019,Republicans
51071,Republicans
55035,Democrats
39049,Democrats
1113,Democrats
5109,Republicans
6013,Democrats
8119,Republicans
13117,Republicans
24013,Republicans
16043,Republicans
23021,Republicans
26011,Republicans
28077,Republicans
28155,Republicans
17049,Republicans
19055,Republicans
16011,Republicans
46013,Republicans
37077,Republicans
40111,Republicans
47029,Republicans
13125,Republicans
53013,Republicans
17135,Republicans
54035,Republicans
2170,
22031,Republicans
13287,Republicans
48281,Republicans
48409,Republicans
34025,Republicans
48389,Democrats
29027,Republicans
18065,Republicans
48499,Republicans
4011,Republicans
13253,Republicans
28053,Democrats
28097,Republicans
39125,Republicans
28003,Republicans
48051,Republicans
36097,Republicans
26075,Republicans
29043,Republicans
29201,Republicans
48271,Republicans
48403,Republicans
37053,Republicans
40051,Republicans
17093,Republicans
46099,Republicans
19151,Republicans
19163,Democrats
36101,Republicans
39039,Republicans
29119,Republicans
45063,Republicans
45079,Democrats
37007,Democrats
19093,Republicans
20157,Republicans
48285,Republicans
22089,Republicans
27133,Republicans
49001,Republicans
19135,Republicans
17153,Republicans
21125,Republicans
53077,Republicans
48225,Republicans
22095,Democrats
27117,Republicans
35011,Republicans
54019,Republicans
1133,Republicans
17073,Republicans
18079,Republicans
18157,Republicans
6045,Democrats
22051,Republicans
29003,Republicans
42025,Republicans
51177,Republicans
55113,Republicans
56003,Republicans
19155,Republicans
13305,Republicans
18165,Republicans
24041,Republicans
23005,Democrats
31061,Republicans
2122,
37095,Republicans
31159,Republicans
56015,Republicans
27135,Republicans
19193,Republicans
42129,Republicans
46041,Democrats
5025,Republicans
13225,Republicans
22033,Democrats
51685,Democrats
31153,Republicans
42013,Republicans
12121,Republicans
13081,Republicans
30103,Republicans
41045,Republicans
54067,Republicans
46045,Republicans
29097,Republicans
48107,Republicans
51139,Republicans
56037,Republicans
31123,Republicans
35001,Democrats
21109,Republicans
39075,Republicans
39131,Republicans
10005,Republicans
37059,Republicans
48231,Republicans
6081,Democrats
22077,Republicans
37023,Republicans
39173,Republicans
53039,Republicans
17045,Republicans
8099,Republicans
20059,Republicans
48073,Republicans
51199,Republicans
48505,Democrats
20129,Republicans
22047,Democrats
29111,Republicans
48053,Republicans
6005,Republicans
31081,Republicans
45085,Democrats
37043,Republicans
29025,Republicans
54099,Republicans
48179,Republicans
51015,Republicans
5099,Republicans
28103,Democrats
19149,Republicans
18021,Republicans
37171,Republicans
55089,Republicans
16049,Republicans
30071,Republicans
37163,Republicans
21185,Republicans
29101,Republicans
31173,Republicans
49037,Republicans
51101,Republicans
21039,Republicans
40003,Republicans
48311,Republicans
48507,Democrats
55027,Republicans
6043,Republicans
18083,Republicans
55079,Democrats
13091,Republicans
20075,Republicans
28145,Republicans
8083,Republicans
12059,Republicans
41007,Democrats
48489,Democrats
12009,Republicans
48197,Republicans
48207,Republicans
12117,Republicans
31069,Republicans
41057,Republicans
38091,Republicans
27005,Republicans
29105,Republicans
16065,Republicans
51660,Democrats
39169,Republicans
6021,Republicans
55119,Republicans
9007,Democrats
18061,Republicans
47061,Republicans
21191,Republicans
26035,Republicans
31013,Republicans
17033,Republicans
5035,Democrats
29033,Republicans
42059,Republicans
48077,Republicans
21117,Republicans
26109,Republicans
13241,Republicans
21111,Democrats
28129,Republicans
31063,Republicans
48329,Republicans
42033,Republicans
47079,Republicans
31039,Republicans
36023,Republicans
18043,Republicans
13219,Republicans
13263,Democrats
39061,Democrats
40131,Republicans
29065,Republicans
8027,Republicans
18019,Republicans
40083,Republicans
28067,Republicans
28161,Republicans
31149,Republicans
40141,Republicans
21137,Republicans
17119,Republicans
5147,Republicans
6011,Republicans
12039,Democrats
13061,Democrats
21075,Republicans
29179,Republicans
53023,Republicans
41051,Democrats
46123,Republicans
50009,Republicans
55021,Republicans
1057,Republicans
20121,Republicans
31043,Republicans
31085,Republicans
56023,Republicans
29095,Democrats
13039,Republicans
29207,Republicans
28065,Democrats
41027,Democrats
29173,Republicans
12125,Republicans
13047,Republicans
18001,Republicans
21007,Republicans
51065,Republicans
13043,Republicans
13165,Republicans
49007,Republicans
53007,Republicans
53031,Democrats
42131,Republicans
37047,Republicans
8031,Democrats
8123,Republicans
36107,Republicans
42071,Republicans
20119,Republicans
50019,Democrats
39035,Democrats
51075,Republicans
53037,Republicans
29005,Republicans
13075,Republicans
51109,Republicans
42079,Republicans
19141,Republicans
38051,Republicans
48071,Republicans
48369,Republicans
29001,Republicans
5119,Democrats
12093,Republicans
19067,Republicans
18041,Republicans
20043,Republicans
21071,Republicans
45021,Republicans
51550,Republicans
22045,Republicans
28055,Democrats
17199,Republicans
55109,Republicans
54051,Republicans
5089,Republicans
5063,Republicans
16079,Republicans
42085,Republicans
48467,Republicans
2290,
13265,Democrats
39115,Republicans
30065,Republicans
37085,Republicans
51035,Republicans
45051,Republicans
28115,Republicans
55127,Republicans
5047,Republicans
16077,Republicans
17057,Republicans
24015,Republicans
48201,Democrats
48333,Republicans
55033,Republicans
41005,Democrats
37145,Republicans
28029,Democrats
36109,Democrats
48105,Republicans
1095,Republicans
18093,Republicans
42011,Republicans
48203,Republicans
35059,Republicans
12063,Republicans
21093,Republicans
46049,Republicans
13311,Republicans
20201,Republicans
21175,Republicans
29029,Republicans
5083,Republicans
15009,Democrats
51077,Republicans
6093,Republicans
29051,Republicans
28009,Republicans
49039,Republicans
40151,Republicans
47015,Republicans
47057,Republicans
48083,Republicans
48123,Republicans
48217,Republicans
39011,Republicans
28051,Democrats
34023,Democrats
21227,Republicans
48287,Republicans
17177,Republicans
31009,Republicans
22117,Republicans
19009,Republicans
29057,Republicans
55071,Republicans
28125,Democrats
39089,Republicans
34021,Democrats
46073,Republicans
2261,
29155,Republicans
47053,Republicans
38061,Republicans
31169,Republicans
34027,Republicans
55053,Republicans
6075,Democrats
12011,Democrats
13179,Democrats
18117,Republicans
20073,Republicans
40053,Republicans
31019,Republicans
31131,Republicans
17101,Republicans
55085,Republicans
21179,Republicans
55125,Republicans
24037,Republicans
8065,Democrats
45043,Republicans
37009,Republicans
38055,Republicans
19035,Republicans
1065,Democrats
21169,Republicans
16081,Republicans
54077,Republicans
13235,Republicans
27021,Republicans
28089,Republicans
46059,Republicans
20005,Republicans
21035,Republicans
6097,Democrats
39171,Republicans
45049,Democrats
31045,Republicans
54003,Republicans
20167,Republicans
28021,Democrats
17185,Republicans
20131,Republicans
49047,Republicans
28045,Republicans
19181,Republicans
37149,Republicans
31005,Republicans
36053,Republicans
13027,Republicans
21139,Republicans
29087,Republicans
31007,Republicans
54037,Republicans
46031,Republicans
46135,Republicans
47085,Republicans
48347,Republicans
53073,Democrats
27157,Republicans
27159,Republicans
29153,Republicans
47135,Republicans
6025,Democrats
19107,Republicans
21015,Republicans
28043,Republicans
28119,Democrats
26101,Republicans
51133,Republicans
46121,Democrats
13139,Republicans
17037,Democrats
1015,Republicans
5137,Republicans
8007,Republicans
26089,Republicans
47099,Republicans
22055,Republicans
29229,Republicans
34031,Democrats
42117,Republicans
47185,Republicans
48413,Republicans
20103,Republicans
48145,Republicans
48455,Republicans
46117,Republicans
47041,Republicans
48173,Republicans
48191,Republicans
48223,Republicans
5027,Republicans
8025,Republicans
17147,Republicans
54031,Republicans
48491,Republicans
1099,Republicans
19001,Republicans
16073,Republicans
53059,Republicans
40143,Republicans
40153,Republicans
2198,
48061,Democrats
20195,Republicans
38025,Republicans
31031,Republicans
27151,Republicans
47141,Republicans
54011,Republicans
54109,Republicans
5013,Republicans
48447,Republicans
41059,Republicans
47095,Republicans
54069,Republicans
41053,Republicans
45029,Republicans
5039,Republicans
12003,Republicans
26017,Republicans
13307,Republicans
17051,Republicans
28133,Democrats
37183,Democrats
42091,Democrats
48089,Republicans
13141,Democrats
47021,Republicans
47049,Republicans
48463,Republicans
37033,Republicans
38063,Republicans
45045,Republicans
48045,Republicans
20111,Republicans
13057,Republicans
26121,Democrats
13145,Republicans
42065,Republicans
44007,Democrats
31099,Republicans
17047,Republicans
48439,Republicans
48471,Republicans
51007,Republicans
39143,Republicans
40007,Republicans
41071,Republicans
48127,Democrats
28047,Republicans
19041,Republicans
54091,Republicans
46069,Republicans
42099,Republicans
38093,Republicans
20107,Republicans
30001,Republicans
46007,Republicans
13285,Republicans
19109,Republicans
16033,Republicans
27053,Democrats
27065,Republicans
29053,Republicans
13243,Democrats
46091,Republicans
38049,Republicans
40037,Republicans
48149,Republicans
19165,Republicans
20033,Republicans
6111,Democrats
12061,Republicans
51678,Democrats
38081,Republicans
4013,Republicans
47019,Republicans
37175,Republicans
31021,Republicans
29143,Republicans
51620,Democrats
47081,Republicans
37003,Republicans
1049,Republicans
48237,Republicans
51165,Republicans
40035,Republicans
54033,Republicans
30073,Republicans
34007,Democrats
32019,Republicans
39085,Republicans
45033,Democrats
51510,Democrats
55019,Republicans
55129,Republicans
21165,Republicans
22079,Republicans
17067,Republicans
21001,Republicans
27049,Republicans
37067,Democrats
35051,Republicans
51083,Republicans
8089,Republicans
12049,Republicans
54065,Republicans
56013,Republicans
2020,
37005,Republicans
54071,Republicans
40097,Republicans
21229,Republicans
45087,Republicans
21203,Republicans
26153,Republicans
51105,Republicans
47009,Republicans
47133,Republicans
38007,Republicans
32033,Republicans
24031,Democrats
24047,Republicans
4007,Republicans
38017,Republicans
27167,Republicans
48047,Democrats
48279,Republicans
41049,Republicans
22059,Republicans
26065,Democrats
36065,Republicans
27163,Democrats
2275,
8079,Republicans
22065,Democrats
18127,Republicans
45013,Republicans
22093,Democrats
28011,Democrats
51097,Republicans
55077,Republicans
13185,Republicans
48303,Republicans
38057,Republicans
46029,Republicans
16041,Republicans
37131,Democrats
27019,Republicans
13233,Republicans
26093,Republicans
13309,Republicans
13321,Republicans
19017,Republicans
40049,Republicans
40089,Republicans
27041,Republicans
8105,Republicans
13073,Republicans
47175,Republicans
48001,Republicans
28109,Republicans
18015,Republicans
18135,Republicans
12057,Democrats
40081,Republicans
21105,Republicans
29023,Republicans
37057,Republicans
36121,Republicans
47143,Republicans
20139,Republicans
35017,Democrats
17103,Republicans
24017,Democrats
8019,Democrats
13095,Democrats
26009,Republicans
48451,Republicans
55055,Republicans
30025,Republicans
37137,Republicans
42001,Republicans
46129,Republicans
19073,Republicans
17141,Republicans
35057,Republicans
8117,Democrats
28083,Democrats
48195,Republicans
17169,Republicans
55081,Republicans
6007,Republicans
8069,Democrats
20097,Republicans
37035,Republicans
6095,Democrats
19103,Democrats
17025,Republicans
20081,Republicans
21067,Democrats
50013,Democrats
51131,Democrats
51840,Democrats
26061,Republicans
8103,Republicans
1027,Republicans
48055,Republicans
45047,Republicans
35031,Democrats
31057,Republicans
2185,
17041,Republicans
18115,Republicans
27073,Republicans
35035,Republicans
6053,Democrats
6039,Republicans
6113,Democrats
17007,Republicans
5023,Republicans
6073,Democrats
48313,Republicans
16035,Republicans
29113,Republicans
46051,Republicans
38103,Republicans
31001,Republicans
24045,Republicans
39021,Republicans
12001,Democrats
13155,Republicans
31067,Republicans
48229,Republicans
19087,Republicans
2060,
37135,Democrats
54025,Republicans
48341,Republicans
21223,Republicans
28017,Republicans
20117,Republicans
21037,Republicans
46071,Republicans
13093,Republicans
29177,Republicans
19023,Republicans
48387,Republicans
34003,Democrats
53041,Republicans
1041,Republicans
5127,Republicans
13275,Republicans
19071,Republicans
51069,Republicans
51590,Democrats
50017,Democrats
30079,Republicans
37141,Republicans
31183,Republicans
8051,Democrats
51027,Republicans
51630,Democrats
20095,Republicans
36027,Republicans
27141,Republicans
21089,Republicans
25017,Democrats
27115,Republicans
29107,Republicans
18123,Republicans
54009,Republicans
5141,Republicans
13079,Republicans
29099,Republicans
34029,Republicans
21171,Republicans
46003,Republicans
1047,Democrats
38097,Republicans
26085,Republicans
19129,Republicans
48323,Democrats
51103,Republicans
13049,Republicans
56001,Republicans
46113,
1089,Republicans
29183,Republicans
48005,Republicans
19185,Republicans
16045,Republicans
48495,Republicans
29089,Republicans
1071,Republicans
1073,Democrats
13023,Republicans
18129,Republicans
45053,Democrats
20011,Republicans
1043,Republicans
13199,Republicans
18111,Republicans
20171,Republicans
26081,Republicans
1013,Republicans
5085,Republicans
47151,Republicans
20041,Republicans
37015,Democrats
29037,Republicans
49011,Republicans
26129,Republicans
19025,Republicans
21097,Republicans
23003,Republicans
39157,Republicans
40091,Republicans
37089,Republicans
19145,Republicans
39165,Republicans
5135,Republicans
47093,Republicans
28163,Democrats
26053,Republicans
37159,Republicans
38059,Republicans
35021,Republicans
25015,Democrats
17079,Republicans
48049,Republicans
18031,Republicans
22049,Republicans
38053,Republicans
40029,Republicans
5001,Republicans
17031,Democrats
28059,Republicans
37189,Democrats
31179,Republicans
5055,Republicans
8067,Democrats
31125,Republicans
39017,Republicans
39153,Democrats
21219,Republicans
19083,Republicans
20015,Republicans
53045,Republicans
37055,Republicans
36081,Democrats
22105,Republicans
29137,Republicans
51171,Republicans
19179,Republicans
8013,Democrats
13147,Republicans
27105,Republicans
40135,Republicans
48041,Republicans
35028,Democrats
45017,Republicans
1107,Republicans
29039,Republicans
29063,Republicans
28123,Republicans
39083,Republicans
40059,Republicans
48069,Republicans
13107,Republicans
13167,Republicans
20189,Republicans
39107,Republicans
55057,Republicans
27007,Republicans
2105,
13195,Republicans
29217,Republicans
17109,Republicans
17159,Republicans
27063,Republicans
13189,Republicans
39029,Republicans
40075,Republicans
18109,Republicans
1069,Republicans
12017,Republicans
48325,Republicans
48433,Republicans
40017,Republicans
41023,Republicans
46035,Republicans
30047,Republicans
19139,Republicans
48075,Republicans
48367,Republicans
48493,Republicans
51135,Republicans
13115,Republicans
26161,Democrats
13295,Republicans
42103,Republicans
18039,Republicans
48155,Republicans
53051,Republicans
37041,Republicans
33005,Democrats
39065,Republicans
47139,Republicans
20153,Republicans
40027,Republicans
13193,Democrats
18057,Republicans
39127,Republicans
49013,Republicans
26055,Republicans
37111,Republicans
56033,Republicans
48437,Republicans
51159,Republicans
55029,Republicans
37093,Democrats
17087,Republicans
51107,Democrats
37039,Republicans
37193,Republicans
26005,Republicans
28019,Republicans
55063,Democrats
12119,Republicans
21055,Republicans
5061,Republicans
27089,Republicans
45091,Republicans
23015,Democrats
27033,Republicans
28061,Democrats
37147,Democrats
38071,Republicans
36059,Democrats
39135,Republicans
19095,Republicans
26143,Republicans
28099,Republicans
20155,Republicans
31129,Republicans
36009,Republicans
49025,Republicans
12085,Republicans
2016,
41041,Democrats
19167,Republicans
20175,Republicans
21021,Republicans
13175,Republicans
42067,Republicans
49057,Republicans
50005,Democrats
6065,Democrats
17083,Republicans
34033,Republicans
22013,Republicans
2270,
10001,Republicans
37187,Democrats
21101,Republicans
13005,Republicans
39077,Republicans
38085,Democrats
27129,Republicans
39019,Republicans
13251,Republicans
21045,Republicans
51041,Republicans
31167,Republicans
36117,Republicans
48351,Republicans
17117,Republicans
28081,Republicans
39073,Republicans
29019,Democrats
17071,Republicans
18099,Republicans
20205,Republicans
48109,Democrats
51720,Republicans
22057,Republicans
32510,Republicans
55123,Republicans
20051,Republicans
33009,Democrats
39023,Republicans
40033,Republicans
12097,Democrats
55107,Republicans
1101,Democrats
13097,Democrats
25009,Democrats
48227,Republicans
41003,Democrats
1023,Republicans
8109,Democrats
47059,Republicans
40127,Republicans
46127,Republicans
26163,Democrats
51073,Republicans
55047,Republicans
5041,Democrats
5017,Democrats
21009,Republicans
2164,
27047,Republicans
20199,Republicans
25013,Democrats
40057,Republicans
51740,Democrats
35049,Democrats
26043,Republicans
19077,Republicans
17107,Republicans
4025,Republicans
13171,Republicans
20085,Republicans
39109,Republicans
46063,Republicans
31095,Republicans
12103,Republicans
41063,Republicans
48301,Republicans
16067,Republicans
17089,Democrats
36083,Republicans
27051,Republicans
55065,Republicans
51047,Republicans
37117,Republicans
36075,Republicans
8095,Republicans
21149,Republicans
47011,Republicans
26105,Republicans
47017,Republicans
1039,Republicans
42111,Republicans
42105,Republicans
48405,Republicans
13083,Republicans
39145,Republicans
31103,Republicans
19097,Republicans
16013,Democrats
53027,Republicans
16069,Republicans
48161,Republicans
32031,Democrats
42057,Republicans
48337,Republicans
13187,Republicans
13239,Republicans
19069,Republicans
17149,Republicans
17203,Republicans
30095,Republicans
26033,Republicans
54059,Republicans
13063,Democrats
37157,Republicans
36087,Democrats
40149,Republicans
48169,Republicans
51061,Republicans
28149,Republicans
21031,Republicans
30067,Republicans
38015,Republicans
22083,Republicans
48129,Republicans
48309,Republicans
18089,Democrats
18163,Republicans
21221,Republicans
46115,Republicans
17111,Republicans
18053,Republicans
51185,Republicans
31147,Republicans
46081,Republicans
51085,Republicans
55001,Republicans
9003,Democrats
26001,Republicans
17039,Republicans
21033,Republicans
30009,Republicans
37113,Republicans
45035,Republicans
47119,Republicans
26087,Republicans
30023,Democrats
8049,Republicans
39095,Democrats
46033,Republicans
5067,Republicans
6071,Democrats
13121,Democrats
17175,Republicans
2130,
24005,Democrats
29083,Republicans
1063,Democrats
48181,Republicans
48353,Republicans
6103,Republicans
21091,Republicans
29147,Republicans
40139,Republicans
28039,Republicans
17003,Republicans
17123,Republicans
18119,Republicans
5009,Republicans
6109,Republicans
8081,Republicans
37027,Republicans
20137,Republicans
39091,Republicans
16057,Democrats
47157,Democrats
30091,Republicans
38037,Republicans
54085,Republicans
5129,Republicans
26003,Republicans
48339,Republicans
55095,Republicans
5029,Republicans
36045,Republicans
40145,Republicans
47171,Republicans
48345,Republicans
51089,Republicans
51595,Democrats
51650,Democrats
27057,Republicans
37049,Republicans
31093,Republicans
19043,Republicans
19015,Republicans
19137,Republicans
48039,Republicans
31117,Republicans
33007,Republicans
16007,Republicans
17161,Democrats
30087,Republicans
38029,Republicans
55043,Republicans
48265,Republicans
51173,Republicans
51775,Republicans
27079,Republicans
29125,Republicans
13109,Republicans
20045,Democrats
8061,Republicans
12055,Republicans
26137,Republicans
48395,Republicans
54015,Republicans
31025,Republicans
48441,Republicans
16071,Republicans
35005,Republicans
8039,Republicans
55131,Republicans
47005,Republicans
47145,Republicans
17001,Republicans
54013,Republicans
5053,Republicans
8085,Republicans
51167,Republicans
5005,Republicans
8001,Democrats
19117,Republicans
32005,Republicans
47073,Republicans
48263,Republicans
51095,Republicans
53061,Democrats
42061,Republicans
8041,Republicans
48297,Republicans
13237,Republicans
13279,Republicans
18085,Republicans
18095,Republicans
48275,Republicans
54021,Republicans
16009,Republicans
20183,Republicans
21225,Republicans
51141,Republicans
55015,Republicans
56043,Republicans
2150,
48359,Republicans
27123,Democrats
29091,Republicans
56019,Republicans
12033,Republicans
13085,Republicans
17121,Republicans
54079,Republicans
36017,Republicans
8021,Republicans
45075,Democrats
19047,Republicans
39147,Republicans
37101,Republicans
36061,Democrats
5015,Republicans
8111,Democrats
21195,Republicans
35013,Democrats
55121,Republicans
24027,Democrats
55011,Republicans
39141,Republicans
54103,Republicans
5111,Republicans
21141,Republicans
27125,Republicans
1109,Republicans
1125,Republicans
39121,Republicans
47051,Republicans
16039,Republicans
28041,Republicans
37105,Republicans
46111,Republicans
35061,Republicans
21231,Republicans
29167,Republicans
5131,Republicans
18045,Republicans
48199,Republicans
49041,Republicans
24039,Republicans
29135,Republicans
28001,Democrats
53003,Republicans
1033,Republicans
6085,Democrats
35033,Democrats
51187,Republicans
51790,Democrats
13313,Republicans
19099,Republicans
20061,Republicans
27109,Democrats
28013,Republicans
48063,Republicans
46089,Republicans
48233,Republicans
48335,Republicans
19195,Republicans
18107,Republicans
22023,Republicans
5107,Democrats
12027,Republicans
27043,Republicans
31139,Republicans
42087,Republicans
48245,Republicans
40009,Republicans
12081,Republicans
48363,Republicans
51059,Democrats
6105,Republicans
26147,Republicans
27039,Republicans
29211,Republicans
47113,Republicans
46025,Republicans
48305,Republicans
5079,Republicans
26027,Republicans
1115,Republicans
38105,Republicans
36091,Republicans
42037,Republicans
47027,Republicans
13129,Republicans
31107,Republicans
46109,Republicans
48007,Republicans
21163,Republicans
20013,Republicans
48093,Republicans
48189,Republicans
21213,Republicans
29227,Republicans
20093,Republicans
51033,Republicans
53043,Republicans
2230,
19157,Republicans
16021,Republicans
18075,Republicans
20065,Republicans
38023,Republicans
53053,Democrats
19005,Republicans
13087,Republicans
20087,Republicans
20113,Republicans
41035,Republicans
42009,Republicans
51051,Republicans
30011,Republicans
46037,Republicans
47109,Republicans
51520,Republicans
5093,Republicans
5077,Democrats
18025,Republicans
21207,Republicans
13011,Republicans
41015,Republicans
19079,Republicans
27147,Republicans
35015,Republicans
36067,Democrats
18137,Republicans
19059,Republicans
19153,Democrats
2110,
37139,Democrats
38083,Republicans
31047,Republicans
26051,Republicans
51036,Democrats
28079,Republicans
38043,Republicans
13255,Republicans
28027,Democrats
29103,Republicans
48253,Republicans
48443,Republicans
31181,Republicans
12069,Republicans
36031,Republicans
48247,Democrats
55013,Republicans
37177,Republicans
8037,Democrats
12051,Republicans
5103,Republicans
28063,Democrats
29015,Republicans
55061,Republicans
8003,Democrats
13183,Republicans
39117,Republicans
21187,Republicans
27067,Republicans
27153,Republicans
53075,Democrats
45073,Republicans
45083,Republicans
27173,Republicans
56005,Republicans
12115,Republicans
22003,Republicans
29085,Republicans
48327,Republicans
18087,Republicans
29223,Republicans
49017,Republicans
51760,Democrats
13113,Republicans
30099,Republicans
26165,Republicans
36037,Republicans
51191,Republicans
21005,Republicans
40071,Republicans
37045,Republicans
8011,Republicans
13205,Republicans
13271,Republicans
18181,Republicans
46087,Republicans
48133,Republicans
48473,Republicans
51013,Democrats
6017,Republicans
17099,Republicans
18167,Republicans
21043,Republicans
48213,Republicans
22101,Republicans
31049,Republicans
40105,Republicans
42121,Republicans
42081,Republicans
24035,Republicans
19161,Republicans
48383,Republicans
34015,Republicans
29139,Republicans
47031,Republicans
18059,Republicans
42123,Republicans
46103,Republicans
46105,Republicans
40063,Republicans
46065,Republicans
26111,Republicans
18125,Republicans
20099,Republicans
31073,Republicans
26041,Republicans
50021,Democrats
22015,Republicans
28031,Republicans
48059,Republicans
48479,Democrats
55023,Republicans
48113,Democrats
48425,Republicans
26039,Republicans
26063,Republicans
31115,Republicans
35045,Republicans
42023,Republicans
23027,Democrats
18035,Republicans
20133,Republicans
20151,Republicans
4017,Republicans
12075,Republicans
48481,Republicans
53067,Democrats
21209,Republicans
37073,Republicans
13007,Republicans
13277,Republicans
38079,Democrats
42035,Republicans
54039,Republicans
40121,Republicans
47173,Republicans
21103,Republicans
19159,Republicans
49003,Republicans
55103,Republicans
29186,Republicans
5101,Republicans
5149,Republicans
18011,Republicans
20179,Republicans
48465,Democrats
51045,Republicans
28141,Republicans
42115,Republicans
56009,Republicans
47083,Republicans
22111,Republicans
41001,Republicans
48031,Republicans
21199,Republicans
19177,Republicans
56025,Republicans
4003,Republicans
6035,Republicans
12041,Republicans
49033,Republicans
51043,Republicans
53001,Republicans
28085,Republicans
1097,Republicans
4015,Republicans
8014,Democrats
51001,Republicans
22063,Republicans
48067,Republicans
51147,Democrats
20109,Republicans
1037,Republicans
29209,Republicans
28105,Democrats
19051,Republicans
17017,Republicans
20083,Republicans
31143,Republicans
33015,Republicans
32001,Republicans
8087,Republicans
48331,Republicans
48035,Republicans
48153,Republicans
48399,Republicans
30049,Republicans
54023,Republicans
5117,Republicans
20193,Republicans
48261,Democrats
25025,Democrats
27075,Democrats
48187,Republicans
51079,Republicans
36111,Democrats
51193,Republicans
32011,Republicans
27029,Republicans
40011,Republicans
53055,Democrats
16085,Republicans
17189,Republicans
26095,Republicans
27011,Republicans
48241,Republicans
36019,Democrats
21121,Republicans
21197,Republicans
26077,Democrats
29127,Republicans
1021,Republicans
6057,Democrats
18037,Republicans
26151,Republicans
47023,Republicans
49021,Republicans
37127,Republicans
37133,Republicans
2050,
46021,Republicans
48343,Republicans
53009,Republicans
8035,Republicans
29035,Republicans
29163,Republicans
18029,Republicans
20105,Republicans
29047,Republicans
31155,Republicans
13033,Democrats
48415,Republicans
24510,Democrats
31109,Democrats
5075,Republicans
51003,Democrats
13231,Republicans
49051,Republicans
53021,Republicans
31119,Republicans
12045,Republicans
13267,Republicans
55083,Republicans
1059,Republicans
53015,Republicans
29061,Republicans
28033,Republicans
30007,Republicans
55041,Republicans
54055,Republicans
29081,Republicans
1117,Republicans
6115,Republicans
17137,Republicans
31163,Republicans
41011,Republicans
21107,Republicans
24009,Republicans
27127,Republicans
8077,Republicans
13209,Republicans
46023,Republicans
48355,Republicans
51017,Republicans
29041,Republicans
35009,Republicans
30083,Republicans
31087,Republicans
27103,Republicans
51161,Republicans
41031,Republicans
53057,Democrats
49035,Democrats
51735,Republicans
47035,Republicans
21131,Republicans
31127,Republicans
54089,Republicans
6009,Republicans
12023,Republicans
8033,Republicans
36119,Democrats
38087,Republicans
31015,Republicans
47039,Republicans
12113,Republicans
13135,Democrats
21023,Republicans
21065,Republicans
48289,Republicans
22061,Republicans
22097,Republicans
17157,Republicans
18091,Republicans
5051,Republicans
39027,Republicans
54083,Republicans
27139,Republicans
34035,Democrats
36039,Republicans
45041,Republicans
45059,Republicans
19091,Republicans
18047,Republicans
37151,Republicans
24023,Republicans
29021,Republicans
48043,Republicans
48259,Republicans
48249,Democrats
48417,Republicans
17015,Republicans
55007,Democrats
20161,Republicans
8045,Republicans
12035,Republicans
28057,Republicans
29189,Democrats
16051,Republicans
35043,Democrats
40005,Republicans
54081,Republicans
56039,Democrats
48317,Republicans
49023,Republicans
17019,Democrats
20007,Republicans
21041,Republicans
13045,Republicans
26091,Republicans
30021,Republicans
51600,Democrats
20159,Republicans
36001,Democrats
39025,Republicans
38065,Republicans
20067,Republicans
33001,Republicans
47101,Republicans
8043,Republicans
36073,Republicans
22121,Republicans
27013,Republicans
1019,Republicans
51021,Republicans
36035,Republicans
21113,Republicans
23011,Republicans
1083,Republicans
13053,Republicans
47087,Republicans
48273,Democrats
13103,Republicans
13227,Republicans
25023,Democrats
46101,Republicans
36069,Republicans
17125,Republicans
5049,Republicans
27119,Republicans
30055,Republicans
32029,Republicans
48121,Republicans
13025,Republicans
39043,Republicans
23019,Republicans
17167,Republicans
46093,Republicans
51113,Republicans
31141,Republicans
55105,Democrats
13319,Republicans
19033,Republicans
51037,Republicans
39105,Republicans
17021,Republicans
40055,Republicans
41009,Republicans
25001,Democrats
20009,Republicans
42095,Republicans
37185,Democrats
38013,Republicans
2070,
28075,Republicans
26123,Republicans
29055,Republicans
18013,Republicans
39045,Republicans
13223,Republicans
18147,Republicans
18155,Republicans
38011,Republicans
31079,Republicans
29013,Republicans
51067,Republicans
48319,Republicans
42109,Republicans
21161,Republicans
30029,Republicans
19143,Republicans
18009,Republicans
5081,Republicans
51157,Republicans
39003,Republicans
47001,Republicans
36093,Democrats
49015,Republicans
20035,Republicans
42051,Republicans
47127,Republicans
41033,Republicans
4001,Democrats
6079,Democrats
12129,Republicans
34001,Democrats
39149,Republicans
21153,Republicans
48277,Republicans
48365,Republicans
22025,Republicans
26131,Republicans
48459,Republicans
28087,Republicans
30053,Republicans
42019,Republicans
51019,Republicans
36103,Republicans
28121,Republicans
28153,Republicans
32023,Republicans
27077,Republicans
27149,Republicans
20149,Republicans
37019,Republicans
47071,Republicans
26159,Republicans
39137,Republicans
40047,Republicans
48003,Republicans
48423,Republicans
55075,Republicans
30093,Democrats
42029,Democrats
18143,Republicans
53011,Democrats
22011,Republicans
25003,Democrats
20089,Republicans
40101,Republicans
22071,Democrats
27091,Republicans
27155,Republicans
29149,Republicans
30111,Republicans
20063,Republicans
18183,Republicans
20031,Republicans
48461,Republicans
21157,Republicans
34037,Republicans
36113,Republicans
12091,Republicans
16031,Republicans
21027,Republicans
29109,Republicans
45081,Republicans
51009,Republicans
26029,Republicans
37017,Republicans
22127,Republicans
45005,Democrats
19061,Republicans
51770,Democrats
13249,Republicans
51031,Republicans
51179,Republicans
28015,Republicans
35053,Democrats
13261,Democrats
21167,Republicans
25011,Democrats
38027,Republicans
20079,Republicans
1025,Republicans
30037,Republicans
31171,Republicans
39055,Republicans
22103,Republicans
26057,Republicans
26073,Republicans
48427,Democrats
55073,Republicans
30105,Republicans
33003,Republicans
13037,Democrats
9011,Democrats
48457,Republicans
46107,Republicans
13067,Democrats
36025,Republicans
45039,Democrats
51169,Republicans
54043,Republicans
29067,Republicans
17183,Republicans
17191,Republicans
21011,Republicans
47189,Republicans
30045,Republicans
30097,Republicans
13051,Democrats
13163,Democrats
40113,Republicans
28071,Republicans
30031,Democrats
30035,Democrats
21095,Republicans
51690,Democrats
54087,Republicans
27145,Republicans
30013,Republicans
37107,Republicans
39099,Democrats
31097,Republicans
42003,Democrats
48377,Democrats
29215,Republicans
19189,Republicans
21079,Republicans
46039,Republicans
47045,Republicans
1131,Democrats
18063,Republicans
50015,Democrats
39071,Republicans
46047,Republicans
51750,Democrats
22087,Republicans
13217,Democrats
55101,Republicans
56045,Republicans
32015,Republicans
36015,Republicans
45061,Democrats
16083,Republicans
48131,Democrats
21217,Republicans
48033,Republicans
13273,Democrats
39031,Republicans
17009,Republicans
18067,Republicans
21025,Republicans
51515,
47117,Republicans
48095,Republicans
22053,Republicans
38035,Republicans
21159,Republicans
26127,Republicans
29079,Republicans
28049,Democrats
28157,Democrats
2188,
1091,Democrats
1001,Republicans
8073,Republicans
8059,Democrats
9013,Democrats
13055,Republicans
13303,Democrats
39009,Democrats
47131,Republicans
26099,Republicans
54007,Republicans
37121,Republicans
24019,Republicans
